<?xml version="1.0" encoding="utf-8" ?>
<dwsync>
<file name="admin.php" server="C:/wamp/www" local="131547741239728054" remote="131547741230000000" />
<file name="admin_cashier.php" server="C:/wamp/www" local="131547741239728054" remote="131547741230000000" />
<file name="admin_manager.php" server="C:/wamp/www" local="131547741239415559" remote="131547741230000000" />
<file name="admin_pharmacist.php" server="C:/wamp/www" local="131547741239259242" remote="131547741230000000" />
<file name="cashier.php" server="C:/wamp/www" local="131547741239415559" remote="131547741230000000" />
<file name="check.php" server="C:/wamp/www" local="131547741239259242" remote="131547741230000000" />
<file name="connect_db.php" server="C:/wamp/www" local="131547741239102993" remote="131547741230000000" />
<file name="delete_cashier.php" server="C:/wamp/www" local="131547741238946726" remote="131547741230000000" />
<file name="delete_manager.php" server="C:/wamp/www" local="131547741239571783" remote="131547741230000000" />
<file name="delete_pharmacist.php" server="C:/wamp/www" local="131547741238634189" remote="131547741230000000" />
<file name="delete_prescription.php" server="C:/wamp/www" local="131547741238477923" remote="131547741230000000" />
<file name="delete_stock.php" server="C:/wamp/www" local="131547741238790451" remote="131547741230000000" />
<file name="destop.php" server="C:/wamp/www" local="131547741238790451" remote="131547741230000000" />
<file name="index.php" server="C:/wamp/www" local="131547741238477923" remote="131547741230000000" />
<file name="invoice.php" server="C:/wamp/www" local="131547741238165395" remote="131547741230000000" />
<file name="login.php" server="C:/wamp/www" local="131547741239102993" remote="131547741230000000" />
<file name="logout.php" server="C:/wamp/www" local="131547741238009103" remote="131547741230000000" />
<file name="manager.php" server="C:/wamp/www" local="131547741238165395" remote="131547741230000000" />
<file name="MARKS ENTRY.txt" server="C:/wamp/www" local="131547741238321661" remote="131547741230000000" />
<file name="muttu.php" server="C:/wamp/www" local="131547741238634189" remote="131547741230000000" />
<file name="payment.php" server="C:/wamp/www" local="131547741237852900" remote="131547741230000000" />
<file name="pharmacist.php" server="C:/wamp/www" local="131547741238009103" remote="131547741230000000" />
</dwsync>