<?xml version="1.0" encoding="utf-8" ?>
<dwsync>
<file name="link_arrow.png" server="C:/wamp/www/" local="131530655948076638" remote="131530655940000000" />
<file name="slide1.jpg" server="C:/wamp/www/" local="131530655950889438" remote="131530655950000000" />
<file name="bharjari.jpg" server="C:/wamp/www/" local="131545551784568240" remote="131545551780000000" />
<file name="Tarak.jpg" server="C:/wamp/www/" local="131545552604304710" remote="131545552600000000" />
<file name="daya.jpg" server="C:/wamp/www/" local="131530664731424158" remote="131530664730000000" />
<file name="Khakee_DAE7E7-287BE1.jpg" server="C:/wamp/www/" local="131530664805858662" remote="131530664800000000" />
<file name="shaadi-mein.jpg" server="C:/wamp/www/" local="131530665140748855" remote="131530665140000000" />
<file name="sarvasva.jpg" server="C:/wamp/www/" local="131530663107317082" remote="131530663100000000" />
<file name="info_bg.png" server="C:/wamp/www/" local="131530655947920375" remote="131530655940000000" />
<file name="magnify.png" server="C:/wamp/www/" local="131530655948701709" remote="131530655940000000" />
<file name="socials.png" server="C:/wamp/www/" local="131530655951045730" remote="131530655950000000" />
<file name="totop.png" server="C:/wamp/www/" local="131530655951202236" remote="131530655950000000" />
<file name="Secret-Superstar-second-poster.jpg" server="C:/wamp/www/" local="131530665176533879" remote="131530665170000000" />
<file name="camera-loader.gif" server="C:/wamp/www/" local="131530655947764104" remote="131530655940000000" />
<file name="prevnext.png" server="C:/wamp/www/" local="131530655950420642" remote="131530655950000000" />
<file name="favicon.ico" server="C:/wamp/www/" local="131530655947920375" remote="131530655940000000" />
<file name="logo1.png" server="C:/wamp/www/" local="131530811112600534" remote="131530811110000000" />
<file name="Anjaniputraa.jpg" server="C:/wamp/www/MN/" local="131545551563015249" remote="131545551560000000" />
<file name="arrowws.png" server="C:/wamp/www/MN/" local="131530655946826504" remote="131530655940000000" />
<file name="bharjari.jpg" server="C:/wamp/www/MN/" local="131545551784568240" remote="131545551780000000" />
<file name="big1.jpg" server="C:/wamp/www/MN/" local="131530655946982775" remote="131530655940000000" />
<file name="big2.jpg" server="C:/wamp/www/MN/" local="131530655947139038" remote="131530655940000000" />
<file name="big3.jpg" server="C:/wamp/www/MN/" local="131530655947139038" remote="131530655940000000" />
<file name="big4.jpg" server="C:/wamp/www/MN/" local="131530655947295309" remote="131530655940000000" />
<file name="big5.jpg" server="C:/wamp/www/MN/" local="131530655947451571" remote="131530655940000000" />
<file name="big6.jpg" server="C:/wamp/www/MN/" local="131530655947607855" remote="131530655940000000" />
<file name="bq_img.jpg" server="C:/wamp/www/MN/" local="131530655947607855" remote="131530655940000000" />
<file name="camera-loader.gif" server="C:/wamp/www/MN/" local="131530655947764104" remote="131530655940000000" />
<file name="daya.jpg" server="C:/wamp/www/MN/" local="131530664731424158" remote="131530664730000000" />
<file name="favicon.ico" server="C:/wamp/www/MN/" local="131530655947920375" remote="131530655940000000" />
<file name="golmaal-review-story-647_102017023722.jpg" server="C:/wamp/www/MN/" local="131545575644248275" remote="131545575640000000" />
<file name="info_bg.png" server="C:/wamp/www/MN/" local="131530655947920375" remote="131530655940000000" />
<file name="KGF.jpg" server="C:/wamp/www/MN/" local="131545552067549793" remote="131545552060000000" />
<file name="Khakee_DAE7E7-287BE1.jpg" server="C:/wamp/www/MN/" local="131530664805858662" remote="131530664800000000" />
<file name="kurukshetra.jpg" server="C:/wamp/www/MN/" local="131545549595487496" remote="131545549590000000" />
<file name="link_arrow.png" server="C:/wamp/www/MN/" local="131530655948076638" remote="131530655940000000" />
<file name="logo.png" server="C:/wamp/www/MN/" local="131530655948076638" remote="131530655940000000" />
<file name="logo1.jpg" server="C:/wamp/www/MN/" local="131530655948232913" remote="131530655940000000" />
<file name="logo1.png" server="C:/wamp/www/MN/" local="131530811112600534" remote="131530811110000000" />
<file name="logo2.jpg" server="C:/wamp/www/MN/" local="131530655948389167" remote="131530655940000000" />
<file name="logo3.jpg" server="C:/wamp/www/MN/" local="131530655948389167" remote="131530655940000000" />
<file name="logo4.jpg" server="C:/wamp/www/MN/" local="131530655948545459" remote="131530655940000000" />
<file name="logof.jpg" server="C:/wamp/www/MN/" local="131544603799780495" remote="131544603790000000" />
<file name="logof.png" server="C:/wamp/www/MN/" local="131544605096730727" remote="131544605090000000" />
<file name="magnify.png" server="C:/wamp/www/MN/" local="131530655948701709" remote="131530655940000000" />
<file name="movieposter.jpg" server="C:/wamp/www/MN/" local="131530664873834667" remote="131530664870000000" />
<file name="Mufti.jpg" server="C:/wamp/www/MN/" local="131545549185628027" remote="131545549180000000" />
<file name="page1_img1.jpg" server="C:/wamp/www/MN/" local="131530655948701709" remote="131530655940000000" />
<file name="page1_img2.jpg" server="C:/wamp/www/MN/" local="131530655948857971" remote="131530655940000000" />
<file name="page1_img3.jpg" server="C:/wamp/www/MN/" local="131530655949014238" remote="131530655940000000" />
<file name="page2_img1.jpg" server="C:/wamp/www/MN/" local="131530655949014238" remote="131530655940000000" />
<file name="page2_img2.jpg" server="C:/wamp/www/MN/" local="131530655949170500" remote="131530655940000000" />
<file name="page2_img3.jpg" server="C:/wamp/www/MN/" local="131530655949326775" remote="131530655940000000" />
<file name="page2_img4.jpg" server="C:/wamp/www/MN/" local="131530655949326775" remote="131530655940000000" />
<file name="page2_img5.jpg" server="C:/wamp/www/MN/" local="131530655949483038" remote="131530655940000000" />
<file name="page2_img6.jpg" server="C:/wamp/www/MN/" local="131530655949639317" remote="131530655940000000" />
<file name="page2_img7.jpg" server="C:/wamp/www/MN/" local="131530655949639317" remote="131530655940000000" />
<file name="page3_img1.jpg" server="C:/wamp/www/MN/" local="131530655949795597" remote="131530655940000000" />
<file name="page3_img2.jpg" server="C:/wamp/www/MN/" local="131530655949795597" remote="131530655940000000" />
<file name="page3_img3.jpg" server="C:/wamp/www/MN/" local="131530655949952154" remote="131530655940000000" />
<file name="page3_img4.jpg" server="C:/wamp/www/MN/" local="131530655950108130" remote="131530655950000000" />
<file name="page3_img5.jpg" server="C:/wamp/www/MN/" local="131530655950108130" remote="131530655950000000" />
<file name="page3_img6.jpg" server="C:/wamp/www/MN/" local="131530655950264410" remote="131530655950000000" />
<file name="preloader.gif" server="C:/wamp/www/MN/" local="131530655950420642" remote="131530655950000000" />
<file name="prevnext.png" server="C:/wamp/www/MN/" local="131530655950420642" remote="131530655950000000" />
<file name="quoter.png" server="C:/wamp/www/MN/" local="131530655950577007" remote="131530655950000000" />
<file name="quote_l.png" server="C:/wamp/www/MN/" local="131530655950733175" remote="131530655950000000" />
<file name="sarvasva.jpg" server="C:/wamp/www/MN/" local="131530663107317082" remote="131530663100000000" />
<file name="Secret-Superstar-second-poster.jpg" server="C:/wamp/www/MN/" local="131530665176533879" remote="131530665170000000" />
<file name="shaadi-mein.jpg" server="C:/wamp/www/MN/" local="131530665140748855" remote="131530665140000000" />
<file name="slide.jpg" server="C:/wamp/www/MN/" local="131530655950733175" remote="131530655950000000" />
<file name="slide1.jpg" server="C:/wamp/www/MN/" local="131530655950889438" remote="131530655950000000" />
<file name="slide11.jpg" server="C:/wamp/www/MN/" local="131545576452279789" remote="131545576450000000" />
<file name="slide2.jpg" server="C:/wamp/www/MN/" local="131530655951045730" remote="131530655950000000" />
<file name="slide22.jpg" server="C:/wamp/www/MN/" local="131545574679266760" remote="131545574670000000" />
<file name="socials.png" server="C:/wamp/www/MN/" local="131530655951045730" remote="131530655950000000" />
<file name="soon_img1.jpg" server="C:/wamp/www/MN/" local="131530649925138129" remote="131530649920000000" />
<file name="soon_img2.jpg" server="C:/wamp/www/MN/" local="131530649952334182" remote="131530649950000000" />
<file name="Tarak.jpg" server="C:/wamp/www/MN/" local="131545552604304710" remote="131545552600000000" />
<file name="thevillain.jpg" server="C:/wamp/www/MN/" local="131545552386170635" remote="131545552380000000" />
<file name="totop.png" server="C:/wamp/www/MN/" local="131530655951202236" remote="131530655950000000" />
<file name="Anjaniputraa.jpg" server="C:/wamp/www" local="131547741200000000" remote="131547741200000000" />
<file name="arrowws.png" server="C:/wamp/www" local="131547741200000000" remote="131547741200000000" />
<file name="bharjari.jpg" server="C:/wamp/www" local="131547741200000000" remote="131547741200000000" />
<file name="big1.jpg" server="C:/wamp/www" local="131547741200000000" remote="131547741200000000" />
<file name="big2.jpg" server="C:/wamp/www" local="131547741200000000" remote="131547741200000000" />
<file name="big3.jpg" server="C:/wamp/www" local="131547741200000000" remote="131547741200000000" />
<file name="big4.jpg" server="C:/wamp/www" local="131547741200000000" remote="131547741200000000" />
<file name="big5.jpg" server="C:/wamp/www" local="131547741200000000" remote="131547741200000000" />
<file name="big6.jpg" server="C:/wamp/www" local="131547741200000000" remote="131547741200000000" />
<file name="bq_img.jpg" server="C:/wamp/www" local="131547741200000000" remote="131547741200000000" />
<file name="camera-loader.gif" server="C:/wamp/www" local="131547741200000000" remote="131547741200000000" />
<file name="daya.jpg" server="C:/wamp/www" local="131547741200000000" remote="131547741200000000" />
<file name="favicon.ico" server="C:/wamp/www" local="131547741200000000" remote="131547741200000000" />
<file name="golmaal-review-story-647_102017023722.jpg" server="C:/wamp/www" local="131547741200000000" remote="131547741200000000" />
<file name="info_bg.png" server="C:/wamp/www" local="131547741200000000" remote="131547741200000000" />
<file name="KGF.jpg" server="C:/wamp/www" local="131547741200000000" remote="131547741200000000" />
<file name="Khakee_DAE7E7-287BE1.jpg" server="C:/wamp/www" local="131547741200000000" remote="131547741200000000" />
<file name="kurukshetra.jpg" server="C:/wamp/www" local="131547741200000000" remote="131547741200000000" />
<file name="link_arrow.png" server="C:/wamp/www" local="131547741200000000" remote="131547741200000000" />
<file name="logo.png" server="C:/wamp/www" local="131547741200000000" remote="131547741200000000" />
<file name="logo1.jpg" server="C:/wamp/www" local="131547741200000000" remote="131547741200000000" />
<file name="logo1.png" server="C:/wamp/www" local="131547741200000000" remote="131547741200000000" />
<file name="logo2.jpg" server="C:/wamp/www" local="131547741200000000" remote="131547741200000000" />
<file name="logo3.jpg" server="C:/wamp/www" local="131547741200000000" remote="131547741200000000" />
<file name="logo4.jpg" server="C:/wamp/www" local="131547741200000000" remote="131547741200000000" />
<file name="logof.jpg" server="C:/wamp/www" local="131547741200000000" remote="131547741200000000" />
<file name="logof.png" server="C:/wamp/www" local="131547741200000000" remote="131547741200000000" />
<file name="magnify.png" server="C:/wamp/www" local="131547741200000000" remote="131547741200000000" />
<file name="movieposter.jpg" server="C:/wamp/www" local="131547741200000000" remote="131547741200000000" />
<file name="Mufti.jpg" server="C:/wamp/www" local="131547741200000000" remote="131547741200000000" />
<file name="page1_img1.jpg" server="C:/wamp/www" local="131547741200000000" remote="131547741200000000" />
<file name="page1_img2.jpg" server="C:/wamp/www" local="131547741200000000" remote="131547741200000000" />
<file name="page1_img3.jpg" server="C:/wamp/www" local="131547741200000000" remote="131547741200000000" />
<file name="page2_img1.jpg" server="C:/wamp/www" local="131547741200000000" remote="131547741200000000" />
<file name="page2_img2.jpg" server="C:/wamp/www" local="131547741200000000" remote="131547741200000000" />
<file name="page2_img3.jpg" server="C:/wamp/www" local="131547741200000000" remote="131547741200000000" />
<file name="page2_img4.jpg" server="C:/wamp/www" local="131547741200000000" remote="131547741200000000" />
<file name="page2_img5.jpg" server="C:/wamp/www" local="131547741200000000" remote="131547741200000000" />
<file name="page2_img6.jpg" server="C:/wamp/www" local="131547741200000000" remote="131547741200000000" />
<file name="page2_img7.jpg" server="C:/wamp/www" local="131547741200000000" remote="131547741200000000" />
<file name="page3_img1.jpg" server="C:/wamp/www" local="131547741200000000" remote="131547741200000000" />
<file name="page3_img2.jpg" server="C:/wamp/www" local="131547741200000000" remote="131547741200000000" />
<file name="page3_img3.jpg" server="C:/wamp/www" local="131547741200000000" remote="131547741200000000" />
<file name="page3_img4.jpg" server="C:/wamp/www" local="131547741200000000" remote="131547741200000000" />
<file name="page3_img5.jpg" server="C:/wamp/www" local="131547741200000000" remote="131547741200000000" />
<file name="page3_img6.jpg" server="C:/wamp/www" local="131547741200000000" remote="131547741200000000" />
<file name="preloader.gif" server="C:/wamp/www" local="131547741200000000" remote="131547741200000000" />
<file name="prevnext.png" server="C:/wamp/www" local="131547741200000000" remote="131547741200000000" />
<file name="quoter.png" server="C:/wamp/www" local="131547741200000000" remote="131547741200000000" />
<file name="quote_l.png" server="C:/wamp/www" local="131547741200000000" remote="131547741200000000" />
<file name="sarvasva.jpg" server="C:/wamp/www" local="131547741200000000" remote="131547741200000000" />
<file name="Secret-Superstar-second-poster.jpg" server="C:/wamp/www" local="131547741200000000" remote="131547741200000000" />
<file name="shaadi-mein.jpg" server="C:/wamp/www" local="131547741200000000" remote="131547741200000000" />
<file name="slide.jpg" server="C:/wamp/www" local="131547741200000000" remote="131547741200000000" />
<file name="slide1.jpg" server="C:/wamp/www" local="131547741200000000" remote="131547741200000000" />
<file name="slide11.jpg" server="C:/wamp/www" local="131547741200000000" remote="131547741200000000" />
<file name="slide2.jpg" server="C:/wamp/www" local="131547741200000000" remote="131547741200000000" />
<file name="slide22.jpg" server="C:/wamp/www" local="131547741200000000" remote="131547741200000000" />
<file name="socials.png" server="C:/wamp/www" local="131547741200000000" remote="131547741200000000" />
<file name="soon_img1.jpg" server="C:/wamp/www" local="131547741200000000" remote="131547741200000000" />
<file name="soon_img2.jpg" server="C:/wamp/www" local="131547741200000000" remote="131547741200000000" />
<file name="Tarak.jpg" server="C:/wamp/www" local="131547741200000000" remote="131547741200000000" />
<file name="thevillain.jpg" server="C:/wamp/www" local="131547741200000000" remote="131547741200000000" />
<file name="totop.png" server="C:/wamp/www" local="131547741200000000" remote="131547741200000000" />
</dwsync>