<?xml version="1.0" encoding="utf-8" ?>
<dwsync>
<file name="admin.php" server="C:/wamp/www" local="131547741237696587" remote="131547741230000000" />
<file name="admin_cashier.php" server="C:/wamp/www" local="131547741237540329" remote="131547741230000000" />
<file name="admin_manager.php" server="C:/wamp/www" local="131547741237852900" remote="131547741230000000" />
<file name="admin_pharmacist.php" server="C:/wamp/www" local="131547741237540329" remote="131547741230000000" />
<file name="cashier.php" server="C:/wamp/www" local="131547741237696587" remote="131547741230000000" />
<file name="check.php" server="C:/wamp/www" local="131547741237384059" remote="131547741230000000" />
<file name="connect_db.php" server="C:/wamp/www" local="131547741237227801" remote="131547741230000000" />
<file name="delete_cashier.php" server="C:/wamp/www" local="131547741237071505" remote="131547741230000000" />
<file name="delete_manager.php" server="C:/wamp/www" local="131547741237071505" remote="131547741230000000" />
<file name="delete_pharmacist.php" server="C:/wamp/www" local="131547741237227801" remote="131547741230000000" />
<file name="delete_prescription.php" server="C:/wamp/www" local="131547741236758972" remote="131547741230000000" />
<file name="delete_stock.php" server="C:/wamp/www" local="131547741236602706" remote="131547741230000000" />
<file name="destop.php" server="C:/wamp/www" local="131547741236915238" remote="131547741230000000" />
<file name="index.php" server="C:/wamp/www" local="131547741236133902" remote="131547741230000000" />
<file name="invoice.php" server="C:/wamp/www" local="131547741236446435" remote="131547741230000000" />
<file name="login.php" server="C:/wamp/www" local="131547741236915238" remote="131547741230000000" />
<file name="logout.php" server="C:/wamp/www" local="131547741235821370" remote="131547741230000000" />
<file name="manager.php" server="C:/wamp/www" local="131547741235508841" remote="131547741230000000" />
<file name="MARKS ENTRY.txt" server="C:/wamp/www" local="131547741234727510" remote="131547741230000000" />
<file name="muttu.php" server="C:/wamp/www" local="131547741235196304" remote="131547741230000000" />
<file name="payment.php" server="C:/wamp/www" local="131547741235352571" remote="131547741230000000" />
<file name="pharmacist.php" server="C:/wamp/www" local="131547741234571243" remote="131547741230000000" />
</dwsync>