<?xml version="1.0" encoding="utf-8" ?>
<dwsync>
<file name="reset.css" server="C:/wamp/www/" local="131530655946357709" remote="131530655940000000" />
<file name="grid.css" server="C:/wamp/www/" local="131530655946201442" remote="131530655940000000" />
<file name="superfish.css" server="C:/wamp/www/" local="131530655946670255" remote="131530655940000000" />
<file name="style.css" server="C:/wamp/www/" local="131545566574396473" remote="131545566570000000" />
<file name="camera.css" server="C:/wamp/www/" local="131530655946045175" remote="131530655940000000" />
<file name="loginstyle.css" server="C:/wamp/www/" local="131531327638464047" remote="131531327630000000" />
<file name="blur.css" server="C:/wamp/www/MN/" local="131530655945888904" remote="131530655940000000" />
<file name="camera.css" server="C:/wamp/www/MN/" local="131530655946045175" remote="131530655940000000" />
<file name="form.css" server="C:/wamp/www/MN/" local="131530655946045175" remote="131530655940000000" />
<file name="grid.css" server="C:/wamp/www/MN/" local="131530655946201442" remote="131530655940000000" />
<file name="ie.css" server="C:/wamp/www/MN/" local="131530655946357709" remote="131530655940000000" />
<file name="loginstyle.css" server="C:/wamp/www/MN/" local="131531327638464047" remote="131531327630000000" />
<file name="reset.css" server="C:/wamp/www/MN/" local="131530655946357709" remote="131530655940000000" />
<file name="style.css" server="C:/wamp/www/MN/" local="131545566574396473" remote="131545566570000000" />
<file name="superfish.css" server="C:/wamp/www/MN/" local="131530655946670255" remote="131530655940000000" />
<file name="touchTouch.css" server="C:/wamp/www/MN/" local="131530655946826504" remote="131530655940000000" />
<file name="blur.css" server="C:/wamp/www" local="131547741200000000" remote="131547741200000000" />
<file name="camera.css" server="C:/wamp/www" local="131547741200000000" remote="131547741200000000" />
<file name="form.css" server="C:/wamp/www" local="131547741200000000" remote="131547741200000000" />
<file name="grid.css" server="C:/wamp/www" local="131547741200000000" remote="131547741200000000" />
<file name="ie.css" server="C:/wamp/www" local="131547741200000000" remote="131547741200000000" />
<file name="loginstyle.css" server="C:/wamp/www" local="131547741200000000" remote="131547741200000000" />
<file name="reset.css" server="C:/wamp/www" local="131547741200000000" remote="131547741200000000" />
<file name="style.css" server="C:/wamp/www" local="131547741200000000" remote="131547741200000000" />
<file name="superfish.css" server="C:/wamp/www" local="131547741200000000" remote="131547741200000000" />
<file name="touchTouch.css" server="C:/wamp/www" local="131547741200000000" remote="131547741200000000" />
</dwsync>