<?xml version="1.0" encoding="utf-8" ?>
<dwsync>
<file name="jquery.js" server="C:/wamp/www/" local="131530655951827046" remote="131530655950000000" />
<file name="jquery-migrate-1.1.1.js" server="C:/wamp/www/" local="131530655951514500" remote="131530655950000000" />
<file name="superfish.js" server="C:/wamp/www/" local="131530655952139575" remote="131530655950000000" />
<file name="jquery.equalheights.js" server="C:/wamp/www/" local="131530655951827046" remote="131530655950000000" />
<file name="jquery.easing.1.3.js" server="C:/wamp/www/" local="131530655951670767" remote="131530655950000000" />
<file name="jquery.ui.totop.js" server="C:/wamp/www/" local="131530655951983322" remote="131530655950000000" />
<file name="camera.js" server="C:/wamp/www/" local="131530655951358242" remote="131530655950000000" />
<file name="jquery.mobile.customized.min.js" server="C:/wamp/www/" local="131530655951983322" remote="131530655950000000" />
<file name="index.js" server="C:/wamp/www/" local="131531280989226342" remote="131531280980000000" />
<file name="camera.js" server="C:/wamp/www/MN/" local="131530655951358242" remote="131530655950000000" />
<file name="forms.js" server="C:/wamp/www/MN/" local="131530655951358242" remote="131530655950000000" />
<file name="html5shiv.js" server="C:/wamp/www/MN/" local="131530655951514500" remote="131530655950000000" />
<file name="index.js" server="C:/wamp/www/MN/" local="131531280989226342" remote="131531280980000000" />
<file name="jquery-migrate-1.1.1.js" server="C:/wamp/www/MN/" local="131530655951514500" remote="131530655950000000" />
<file name="jquery.easing.1.3.js" server="C:/wamp/www/MN/" local="131530655951670767" remote="131530655950000000" />
<file name="jquery.equalheights.js" server="C:/wamp/www/MN/" local="131530655951827046" remote="131530655950000000" />
<file name="jquery.js" server="C:/wamp/www/MN/" local="131530655951827046" remote="131530655950000000" />
<file name="jquery.mobile.customized.min.js" server="C:/wamp/www/MN/" local="131530655951983322" remote="131530655950000000" />
<file name="jquery.ui.totop.js" server="C:/wamp/www/MN/" local="131530655951983322" remote="131530655950000000" />
<file name="PIE.htc" server="C:/wamp/www/MN/" local="131530655952139575" remote="131530655950000000" />
<file name="superfish.js" server="C:/wamp/www/MN/" local="131530655952139575" remote="131530655950000000" />
<file name="touchTouch.jquery.js" server="C:/wamp/www/MN/" local="131530655952295842" remote="131530655950000000" />
<file name="camera.js" server="C:/wamp/www" local="131547741200000000" remote="131547741200000000" />
<file name="forms.js" server="C:/wamp/www" local="131547741200000000" remote="131547741200000000" />
<file name="html5shiv.js" server="C:/wamp/www" local="131547741200000000" remote="131547741200000000" />
<file name="index.js" server="C:/wamp/www" local="131547741200000000" remote="131547741200000000" />
<file name="index.js  is file-folder of login_register.txt" server="C:/wamp/www" local="131547741200000000" remote="131547741200000000" />
<file name="jquery-migrate-1.1.1.js" server="C:/wamp/www" local="131547741200000000" remote="131547741200000000" />
<file name="jquery.easing.1.3.js" server="C:/wamp/www" local="131547741200000000" remote="131547741200000000" />
<file name="jquery.equalheights.js" server="C:/wamp/www" local="131547741200000000" remote="131547741200000000" />
<file name="jquery.js" server="C:/wamp/www" local="131547741200000000" remote="131547741200000000" />
<file name="jquery.mobile.customized.min.js" server="C:/wamp/www" local="131547741200000000" remote="131547741200000000" />
<file name="jquery.ui.totop.js" server="C:/wamp/www" local="131547741200000000" remote="131547741200000000" />
<file name="PIE.htc" server="C:/wamp/www" local="131547741200000000" remote="131547741200000000" />
<file name="superfish.js" server="C:/wamp/www" local="131547741200000000" remote="131547741200000000" />
<file name="touchTouch.jquery.js" server="C:/wamp/www" local="131547741200000000" remote="131547741200000000" />
</dwsync>